Weight,Word
3,journalism
4,crime
17,free
14,press
5,essential
5,peace
8,justice
187,amp
23,human
5,rights
9,supporting
3,pressfreedom
19,world
1010,covid19
25,support
23,highly
1,skilled
6,women
1,professionals
5,impacted
2,launched
1,shepivots
17,4
10,online
1,modules
1,upskill
8,10
3,k
49,help
4,prepare
3,career
1,transitions
164,new
1,opportunities
1,detail
1,womeninstemm
1,herd
2,immunity
23,going
1,win
2,mypov
2,hiddencost
3,extending
4,lockdowns
139,coronavirus
12,economic
2,peril
24,social
2,unrest
2,heck
7,folks
16,think
3,extended
43,lockdown
19,safe
11,right
3,publichealth
77,riots2020
2,tradeoff
13,better
3,doh
17,white
5,house
12,guidelines
22,states
7,reopen
7,include
2,downward
3,trajectory
2,documented
206,cases
3,14-day
3,period
25,state
2,meeting
2,criteria
2,tabs
9,county
262,-
4,level
2,map
13,m
10,believe
12,post
3,era
1,possibly
1,greatest
1,collaboration
1,companies
3,forced
1,optimize
2,resources
1,budgets
3,operations
34,time
1,startups
1,alliances
1,corporates
1,identify
18,work
2,shared
1,purpose
2,hey
33,country
3,choose
4,protecting
4,citizens
4,paying
2,debts
2,cancelthedebt
2,bold
3,emergency
32,response
3,globalcitizen
11,numbers
1,migrants
14,diagnosed
1,covid19ontario
4,migrant
1,farmworkers
1,skyrocketing
15,province
3,action
19,needed
1,silence
1,guatemala
54,health
8,minister
1,hugo
1,monroy
2,announces
1,348
53,today
68,total
1,5087
2,29
1,newly
15,recovered
37,patients
1,735
87,deaths
1,coronavirusgt
1,108
41,2
1,24-hour
2,weekend
9,curfew
1,ends
15,5
19,monday
1,woah
4,miss
13,got
1,laughing
2,crying
1,load
4,stuff
12,news
2,nt
4,proud
4,episode
2,seriously
2,honour
5,interview
5,indigenous
1,socialsciences
10,thanks
2,_
1,initiatives
20,fight
2,supporters
1,donated
5,far
1,wewillwin
35,virus
14,step
2,stayhomesavelives
2,covidriots
51,georgefloyd
4,charge
6,ending
2,uprising2020
4,mean
9,great
3,job
1,co
1,ordinating
2,uspoli
6,cdnpoli
2,bcpoli
1,1918
3,spanish
3,flu
1,teach
6,current
28,crisis
9,things
10,actually
9,come
2,spain
1,remembers
1,choice
2,ask
1,laugh
3,consider
1,buying
1,coffee
2,company
4,shutdown
3,gov
3,pay
2,rent
38,blood
18,clots
18,strokes
19,heart
19,attacks
37,covid
18,toes
19,common
18,vessels
30,latest
18,dive
34,research
18,suggesting
31,respiratory
40,disease
22,vascular
30,infection
3,looks
30,protests
1,appears
4,play
1,sports
29,viral
18,video
17,head
14,kanpur
24,medical
14,college
16,seen
20,making
13,objectionable
17,comments
27,muslim
13,accuses
18,cm
13,indulging
13,appeasement
14,politics
13,accused
13,tablighi
13,jamaar
20,members
13,spitting
22,month
23,t
1,supportindiemusic
1,buyindie
1,comeandlisten
1,showyoursupport
3,quarantinelife
7,wonder
5,shud
5,any1
5,objection
6,pmmodi
6,bjp
5,celebrating
5,failures
5,incompetence
5,mismanagement
5,insensitive
5,approach
7,poor
5,unemployment
6,failure
6,handle
5,tall
5,promises
8,zero
6,delivery
5,deception
4,cute
1,teddy
16,bear
4,happy
1,pet
3,smile
1,funny
2,cartoon
1,cotton
34,face
15,mask
1,zazzle
2,facemask
1,socialdistance
4,kids
1,gifts
1,fashion
1,ploy
1,fit
1,narrative
10,control
2,lock
21,ppl
4,months
3,weak
2,immune
6,systems
2,trigger
1,unbearable
16,protest
2,governments
9,reason
2,locked
5,longer
1,trojan
11,hi
13,thank
7,frontline
2,curbing
32,testing
2,vital
16,save
35,lives
6,limited
9,treatment
2,centres
2,urgently
8,increase
11,ensure
5,access
4,proper
5,multiple
4,leftists
5,governors
4,systematically
7,kill
12,healthy
8,elderly
16,black
4,mandating
24,positive
5,sent
5,homes
4,virtually
4,uprisings
5,guess
10,matter
4,protectourseniors
14,parent
14,fulfilling
16,experiences
21,life
30,global
32,parents
71,day
47,family
29,friendly
34,policies
30,workplace
19,especially
3,calls
17,hands
1,deck
1,backthefrontline
7,hear
2,jnj
1,vice
1,chairman
1,foundation
1,matching
1,employee
1,retiree
1,donations
3,solidarity
8,fund
12,sharing
2,accurate
10,information
4,plz
2,encourage
8,stop
6,spreading
21,fake
1,guatam
1,budh
2,nagar
2,district
5,administration
8,yesterday
14,said
1,noida
6,delhi
2,border
4,shut
36,report
2,department
2,source
1,42
9,20
15,days
2,tracked
7,according
1,magistrate
11,major
7,questions
35,need
2,asked
3,mark
3,labs
1,particular
1,commercial
1,coz
2,cost
7,sure
3,lot
7,retweet
1,picture
4,apparently
1,annoys
1,conservatives
15,maga
2,donald
37,trump
1,voters
12,makes
2,feel
1,uncomfortable
1,donaldtrump
3,kag
1,gop
1,minnesota
39,justiceforgeorgefloyd
10,twitter
1,bantrumpfromtwitter
1,phillyriots
5,daily
4,arizona
3,222
2,479
2,501
2,702
2,790
2,906
96,people
16,died
2,insist
5,moving
8,forward
9,reopening
4,spreads
2,loot
3,apple
2,store
2,scottsdale
10,issued
52,masks
31,distancing
22,president
18,bizarrely
20,stands
59,like
18,mannequin
18,metal
18,rod
19,ass
19,spacex
15,simple
19,looking
13,sikh
13,man
13,fed
31,million
14,remote
14,maharashtra
13,highway
13,spot
13,stretch
13,300
13,miles
13,decent
13,meal
13,served
13,-free
13,cost-
13,courtesy
13,baba
13,karnail
13,singh
26,khaira
13,revered
13,babaji
33,region
1,barking
2,mad
1,driven
15,government
1,exception
8,oh
25,know
8,inciting
10,race
13,war
8,distract
16,40
20,unemployed
19,americans
8,nice
8,complicitcorruptgop
10,traitor
1,seoul
1,homemade
1,gf
1,orgasmns
6,porn
16,usa
17,times
4,uttar
4,pradesh
4,contributes
4,bihar
21,india
17,high
8,population
5,growth
4,peculiar
6,problem
66,protests2020
24,bostonprotest
64,blacklivesmatter
18,losangelesprotest
18,pridefall
18,mineapolis
19,sundayvibes
21,black_lives_matters
18,churchwithshatta
18,justicefortina
7,tamilnadu
4,issues
2,till
17,june
5,30
7,fresh
2,relaxations
2,certain
3,areas
17,check
33,read
6,thais
14,uk
3,fever
2,rushed
13,hospital
8,thailand
3,fornature
4,losing
3,biodiversity
3,polluting
3,land
3,seas
8,air
3,destroying
6,difficult
22,let
18,protect
6,nature
3,worldenvironmentday
3,icymi
12,watch
1,virologist
5,talk
1,isolating
3,create
29,vaccine
2,changing
10,way
1,scientists
7,truth
2,yall
6,calling
8,god
1,b4
1,twerking
1,drugs
3,manner
1,wickedness
2,wanna
2,ai
1,simp
1,figure
1,ur
2,busy
1,tender
3,talks
1,amitgupta
1,caterpillar
9,end
3,master
1,butterfly
1,sliceoflife
83,pandemic
4,florida
2,cheering
2,hiding
6,real
1,young
2,canadians
1,seek
1,refuge
41,covid-19
1,disrupts
4,jobs
4,dreams
4,covid19pandemic
4,canadacovid19
5,covid19canada
4,coronaviruscanada
39,police
38,taking
34,knee
34,dcprotests
35,pretty
34,cool
34,visual
43,georgefloydprotests
3,concept
3,emerging
9,illness
9,start
3,kills
16,involvement
3,vasculature
4,spent
1,comfortably
2,saying
4,getting
1,shops
2,pubs
1,horse
1,racing
2,running
1,priority
1,inhuman
4,glad
3,quoted
3,alongside
4,unknown
10,sarscov2
13,transmission
5,risks
8,protestors
7,higher
30,risk
3,unclear
11,--
4,try
4,mitigate
5,possible
1,tragically
3,lost
11,music
1,legend
1,complications
2,honor
1,legacy
4,helping
17,community
6,donate
6,relief
1,creators
2,assistance
1,musicaresforus
4,queensland
5,researchers
2,analysing
4,conspiracy
2,theories
3,warn
12,media
4,danger
3,disinformation
12,immunology
2,mechanisms
7,host
1,innate
2,coronaviruses
1,antagonism
6,robert
6,samstein
6,sinai
7,review
8,project
6,2020_recapmay
3,mike
1,verawati
1,tangka
1,secretary
5,general
1,koalisi
1,perempuan
6,indonesia
2,tells
1,wives
2,security
1,misogynistic
1,touch
2,fought
4,survived
1,ebola
3,nyc
16,working
1,er
6,told
1,sdg
1,advocate
1,graca
1,machel
3,powerful
1,message
1,gender
3,based
8,violence
13,vivo
27,brain
14,patient
15,showing
13,signal
13,alteration
13,compatible
13,invasion
13,cortical
15,associated
13,olfaction
20,families
15,brunt
15,practices
15,stronger
15,childcare
4,podcast
1,hears
1,testimony
1,surrogate
3,shopping
1,wechat
10,money
1,laundering
1,interviews
24,china
5,jail
2,survivor
1,peter
1,humphrey
1,goodwill
1,ambassadors
1,tied
1,ccp
4,click
2,listen
10,share
1,vanre
12,release
1,funds
5,efforts
3,beat
2,vessel
5,explains
2,endothelial
3,dysfunction
2,tie
20,learn
9,find
1,embarrassed
7,steps
11,thing
5,hope
6,continues
1,expands
2,policy
1,blacklivematters
1,foxnews
1,nbc
1,cbs
8,modi
8,realized
8,sledgehammer
11,cure
12,worse
8,publicity
8,stunt
8,suffocating
8,poorest
8,leaving
8,starving
7,impact
3,mobility
7,korea
1,spaceapps
2,brought
6,individuals
3,teams
3,challenge
1,affects
2,volunteers
2,participants
6,favorite
7,thought
5,leaders
11,healthcare
4,written
4,thoughtful
8,piece
10,hospitals
18,care
4,connecting
4,afraid
4,nervous
5,mustread
12,reports
3,saturday
2,washington
12,govt
1,wants
1,technology
3,cops
3,stand
1,mode
3,damage
1,usher
6,change
1,facialrecognition
5,g
1,solo
1,lunch
2,temperature
1,checks
2,normal
3,protocols
4,buy
5,hottest
3,hiphop
2,tune
7,hijack
2,ice
2,icet
2,finallevel
1,rhymesyndicate
16,happened
6,brazil
4,hit
2,sad
1,27k
7,dead
2,4th
25,number
3,2nd
1,proportionately
2,amazon
3,area
3,worst
1,infrastructre
1,pls
4,worth
14,look
4,-frightening
6,rapid
4,speed
10,cause
22,death
6,globally
6,dangerous
4,bow
4,pressure
5,quickly
5,terms
4,delicate
5,balance
7,hongkong
6,note
5,newsrooms
7,field
5,reporters
21,gas
11,tear
5,helmet
5,flying
5,canisters
5,rubber
5,bullets
5,goggles
5,pepper
5,spray
5,viz
5,vest
5,etc
5,missing
5,hk
5,corp
12,stay
17,wajid
8,khan
9,popular
16,bollywood
12,director
9,sajid
9,duo
10,passed
14,away
11,age
10,43
13,suffering
9,19
8,sajidwajid
9,wajidkhan
8,musicdirector
21,case
15,study
6,hydroxychloroquine
10,prophylaxis
12,hcws
7,significant
5,reduction
5,odds
7,identified
5,intake
5,doses
6,hcq
6,cardiac
6,toxicity
5,ttftgcpoal
5,thread
2,summary
26,1
4,pandemics
9,register
6,despite
2,cygnus
7,showed
2,unprepared
26,3
2,advanced
3,warning
3,january
18,pm
3,market
2,ideology
3,ahead
17,public
2,feb
2,3rd
2,superman
3,speech
1,navajonation
5,currently
4,highest
23,rate
2,capita
3,tuba
9,city
2,regional
2,navajo
8,nation
2,reservation
2,convoy
1,mri
1,findings
19,including
1,slight
3,olfactory
1,bulb
4,changes
1,authors
1,speculate
1,sars
1,cov-2
1,invade
1,pathway
1,sensorineural
1,origin
3,bring
20,home
4,anxiety
5,filipinos
1,amit
1,shah
10,says
1,transferred
2,rs
4,53
4,cr
4,account
1,calculate
1,41
1,massive
7,ohio
5,hospitalized
2,chance
1,surviving
1,aggregate
1,succumbed
1,percentage
1,percent
1,skewed
1,occur
5,sorosfundedriots
5,scripted
5,organised
5,knows
5,ag
5,william
5,barr
6,mainstream
6,stoking
9,fear
5,manufactured
5,crises
1,himachalpradeh
2,reached
1,295
1,203
19,active
1,83
1,migrated
2,outside
6,view
1,distric
1,wise
27,update
1,hamirpur
1,kangra
3,una
1,covid19himachal
1,thai
8,returnees
27,quarantine
2,hotels
5,offering
1,luxurious
2,option
1,bdms
4,set
1,hospitality
17,sunday
2,mauritius
3,freedom
16,wearing
1,compulsory
3,places
1,applied
1,island
1,covid2019
1,ilemaurice
7,stayhome
2,stayathome
1,unhcr
1,pleasehelp
1,iraqi
2,refugees
1,waiting
1,turkey
14,years
1,humanrights
14,live
1,freely
1,dignity
8,love
3,leave
1,disappointed
3,humanity
1,hrw
1,chidren
4,westernport
9,bay
4,locals
4,fiercely
4,opposed
4,dirty
4,import
4,terminal
5,cover
4,agl
18,want
4,victorian
5,fast
8,track
4,environmental
4,approvals
4,fair
4,noaglgas
9,small
8,business
2,big
1,mission
10,businesses
1,alive
5,led
1,anguish
11,long
2,followed
2,wny
1,sbbm
4,smallbusiness
3,buffalo
2,newyork
5,supposed
4,600
25,2020
5,reminding
10,friends
9,low
5,key
4,faheemah
4,grant
18,good
3,racial
1,request
3,immediately
2,actions
2,ne
1,girl
1,manipur
1,victim
1,mumbai
1,hour
7,ago
1,biker
2,came
1,stopracism
7,found
4,past
8,weeks
2,44
3,returned
6,abroad
2,borders
10,remain
5,closed
2,repatriated
6,14
1,grocery
2,transit
1,pharmacy
7,wear
4,non
6,covering
2,cloth
3,physical
2,stopthespread
1,wecandothis
2,creation
4,florence
4,digital
5,worker
2,smokers
5,quit
4,combat
5,misinformation
7,tobacco
3,tobaccoexposed
3,worldnotobaccoday
1,deeply
1,alienated
2,fantastic
1,outrageous
2,wealth
3,power
1,abstraction
1,door
1,grabbing
1,pillows
1,bob
1,discount
1,furniture
1,shoes
1,shoe
1,carnival
5,middle
7,racist
3,richer
3,tearing
6,system
6,american
3,spring
3,icantbreathe
5,earlier
14,year
1,hodgkin
1,lymphoma
3,wrote
1,undergoing
1,chemotherapy
1,unusual
10,caring
1,startling
2,c
1,l
1,occult
1,spirituality
1,metaphysical
1,paranormal
1,caturday
1,catlady
1,horoscopes
1,bookstoread
1,books
1,ebooks
1,amreading
1,whattoread
1,nonfiction
1,bookbuzzr
1,bynr
12,chinese
12,mainland
15,reported
30,16
12,imported
12,domestic
16,asymptomatic
10,76
14,critical
13,condition
1,excited
13,tomorrow
2,mentalhealthmonth
1,chat
2,mental
1,orgs
13,join
1,1pm
2,est
4,mentalhealth
10,use
1,mhmchat
2,participate
2,dewine
2,amy
2,acton
2,extend
2,closures
2,threat
2,arrest
3,church
3,standing
2,bar
2,nonsensical
7,measures
2,approve
2,insane
6,needs
2,run
7,office
3,bs
1,ruckify
1,smashes
1,sales
1,targets
1,marketplaces
1,sharingiscaring
1,gig
1,sidehustle
1,tuned
1,bigger
2,largest
2,vanity
1,cadets
1,covidiot45
9,puts
1,golf
1,votetrumpout2020
9,plan
6,tips
10,reduce
2,eye
7,protection
6,prevent
2,injury
2,hydrated
7,hand
3,sanitizer
2,yell
4,signs
2,noise
3,makers
3,instead
4,group
5,6
3,feet
2,groups
1,wondering
2,justin
1,trudeau
1,suspended
1,commons
1,sittings
1,indefinitely
1,biological
1,attack
1,suspending
1,hoc
1,impedes
1,election
2,22
7,elections
6,canada
3,procurement
1,clearly
6,shows
1,ec
1,preparing
3,persons
1,entering
3,jamaica
17,countries
1,considered
1,travel
3,bubble
1,subjected
1,subject
1,jisnews
1,covidentify
1,smartwatch
1,screen
9,south
3,germany
5,vietnam
3,conduct
13,mass
3,resulted
3,slower
10,lower
11,philippines
4,conducting
11,test
1,pamper
9,safety
2,haircut
1,belmont
3,barbershop
5,open
4,book
2,appointment
1,mymountpleasant
1,openwithcare
1,yvrbarber
1,phase2
1,eastbroadwayyvr
1,mountpleasantbc
1,vancouverbarbers
1,vitro
9,data
1,sab-185
1,therapeutic
2,candidate
2,potent
1,neutralizing
1,antibodies
1,4x
1,convalescent
1,plasma
1,serum
1,sample
1,evaluated
1,initiated
1,manufacturing
2,clinical
2,development
5,phase
12,bangkok
4,infographic
4,metropolitan
10,follow
4,relaxation
5,starts
2,effective
1,lansing
1,michigan
2,officially
8,reporting
22,bringing
5,starting
9,push
9,normalize
10,prisoners
9,sense
9,huh
9,deepstate
9,enemyofthepeople
17,antifa
9,georgesoros
13,antifaterrorists
9,insurgency
10,q
15,qanon
10,wwg1wga
2,moment
2,address
2,potus
1,architect
1,birtherism
2,consistently
8,racism
1,divide
1,botched
2,blacklivematter
1,biden2020
1,exposed
5,person
2,455
1,uninfected
7,infected
2,sending
1,scamdemic
2,plandemic
1,affecting
4,economy
1,spiritual
2,everybody
1,adjustment
1,adjusts
1,73
1,animals
1,mismanaging
1,peacetime
1,century
1,seeds
2,november
2,votehealth
5,culprit
5,nose
5,elegant
6,reverse
5,genetics
5,autopsy
5,specimens
6,demonstrates
5,nasal
5,ace2
6,binding
5,gradient
5,tract
5,aspiration
5,seeding
6,lung
5,invoked
6,published
2,worked
1,everyday
1,likely
3,icu
1,surgery
4,medicine
1,rehab
1,floors
1,inpatient
6,tell
1,walking
1,doors
1,deserves
1,pandemicpay
1,supports
4,national
1,campaign
1,scott
1,morrison
1,prioritise
7,children
7,australia
17,recovery
4,act
4,term
2,tampaprotests
2,huntingtonbeach
2,i35w
6,chicagoriots
2,minnesotariots
2,realize
4,contagious
3,joke
4,protesters
2,rioters
2,ignore
2,presents
2,uncontrollable
10,coronavirusoutbreak
2,gocorona
1,literally
1,asks
3,true
2,link
4,international
2,basically
3,proves
1,pretend
3,gone
5,dying
1,witnessed
3,biggest
7,single
2,spike
1,5th
1,begins
4,strategy
2,failed
1,blueprint
8,corona
4,havoc
1,goi
1,consulted
3,epidemiologists
1,advised
1,clinicians
1,academic
3,training
3,heavy
1,price
2,humanitarian
22,spread
1,signatories
5,experts
1,indian
1,consult
1,relied
1,bureaucrats
1,skills
3,stage
14,practice
6,putting
10,space
11,continue
6,habits
11,washing
5,seconds
6,staying
7,sick
6,slow
4,21
6,african
5,13
2,2021
2,wreaking
3,probably
3,factor
5,africa
2,2022
2,toll
1,hits
1,guide
12,12
5,coronavirusupdates
1,noon
6,different
1,households
5,visit
3,gather
5,info
1,roadmap
3,committed
1,exceedingly
1,valued
2,partnership
1,climatecrisis
2,keith
6,ellison
3,court
4,thugs
5,destroy
30,america
2,desire
3,trumptrain2020
3,covfefe
1,lasvegas
3,supposedly
1,deals
6,ve
1,vegas
1,resort
3,fees
1,false
1,advertising
1,rates
1,beware
2,n
1,newyorknewyork
12,8
13,night
9,nsw
9,travelers
10,hotel
4,28
3,elective
3,surgeries
1,cancelled
3,worldwide
1,complicated
3,dissemination
3,baguio
3,ordinance
5,45
4,series
3,teampnp
3,weserveandprotect
3,pnpkakampimo
3,baguiopulispuliskoito
5,looting
4,ongoing
3,chicago
3,illinois
5,15
6,minutes
3,chicagoprotests
1,urgent
1,organized
1,mindful
4,advice
1,gloves
1,passing
1,sanitizers
3,toronto
3,shown
1,justiceforregis
4,notanotherblacklife
1,trinity
1,bellwoods
3,irresponsible
1,queen
1,park
1,yahoos
1,christie
1,pits
1,denounce
1,flagrant
1,disregard
4,rules
1,welcomes
1,urge
2,beijing
1,intl
2,investigate
6,outbreak
4,began
4,allow
1,cooperation
1,requires
1,transparency
1,rhetoric
5,left
1,steady
4,marzanoresearch
7,rt
2,shelbymhubach
2,interested
3,reading
2,highschool
3,senior
3,education
3,blog
2,classof2020
5,member
9,perspective
2,covid19edu
7,model
5,cell
5,antibody
5,mediated
5,responses
1,480
2,registered
1,ministry
13,second
5,infections
5,having
3,fatalities
8,recoveries
2,wuhan
1,freight
2,railway
3,station
1,construction
1,800
1,biolab
2,slowed
1,stopped
3,early
1,april
1,warehouses
2,rapidly
1,built
1,west
1,complex
1,imageries
1,civint
1,civil_engineering
1,correctly
1,trips
3,child
6,remember
2,mug
3,shot
2,intentitional
2,disinfo
3,bungled
2,psy
3,op
2,riot2020
2,8pm
1,11th
1,interactive
1,webcast
3,affected
1,cancercare
2,answered
2,panel
1,expert
1,oncologists
1,moderator
1,anna
1,pavlick
1,bsn
1,ms
1,mba
1,fyi
1,cronies
2,criminal
1,negligence
2,expected
2,100
1,cashapp
1,venmo
1,dm
1,tags
1,comfirm
3,memorial
2,covid19memorial
1,monsterfunders
2,gofundme
10,zealand
10,10th
10,consecutive
1,monsterfunder
2,executive
4,webinar
2,comprehensive
1,iacepa
1,amidst
1,hosted
2,ambassador
1,kristiarto
1,legowo
1,council
1,thurs
1,aest
1,wib
1,registration
9,epidemic
4,average
15,week
1,prematurely
1,disciplined
3,controls
3,contain
3,means
1,inadequate
11,contact
3,tracing
1,pouts
13,tests
3,mobile
3,unit
6,website
3,regularly
3,location
5,near
42,0
4,roman
4,numerals
8,x
6,baby
4,newzealand
1,asking
8,large
5,close
1,proximity
5,midst
1,unhinged
1,mildly
2,postponement
2,regular
3,created
2,surplus
3,revenue
2,insurers
2,spending
1,reality
7,future
1,malls
1,jeopardy
1,pushes
1,shoppers
1,retail
1,commmerce
1,ecommerce
1,omnichannelretail
1,shoppingonline
1,shoppingmalls
1,pro
1,bots
1,offenders
1,25-year
5,old
2,word
1,peers
1,invincible
2,recover
1,thrive
1,uncertain
3,explores
1,principles
3,planning
1,apply
1,emerges
1,foolish
1,mislead
3,nigeria
2,scam
1,thunder
3,fire
5,date
22,confirmed
1,confirms
1,remarkably
1,inflated
2,exploiting
1,hoping
6,wo
1,thrilled
2,interviewed
2,students
4,discuss
1,stressors
1,behavioral
1,coping
1,mentalhealthawarenessmonth
1,ed
2,highlighted
2,importance
7,role
1,preparedness
1,governance
5,crowd
6,fill
5,seat
5,tdgarden
5,easily
5,occupy
5,restaurant
1,shipments
1,hqc
1,ventilators
14,hard
1,legitimate
2,ways
3,quick
1,cash
1,looted
1,stores
2,philly
1,parenting
2,motorists
3,commuters
5,road
2,edsa
2,guadalupe
3,metro
3,manila
2,erwin
2,cagadas
6,updates
1,bitocon
1,asset
2,btc
1,minesota
1,cyn
1,doge
1,prosecute
1,george
1,floyd
1,murderers
1,qualified
1,label
1,terror
2,org
3,profit
1,healthcareworkers
1,123
1,protectnurses
6,dr
1,ashishverma
1,urbanmobility
1,mobilityplanning
1,sustainablerecovery
1,safecity
1,3juneworldbicycleday
9,11
1,certificate
7,details
1,wwg1wgaworldwide
1,qarmy
1,qanons
1,patriots
1,patriotsfight
1,greatawakening
1,inittogether
1,wearethenewsnow
1,obamagate
1,kenya
1,youaintblack
3,shielding
5,husband
3,suddenly
4,meet
6,evidence
3,cdc
3,covidview
3,proportion
3,certificates
3,coded
6,related
3,decreased
3,fifth
4,23
3,whatsapp
1,connect
1,rumors
1,circulate
3,understand
4,situation
1,text
1,79
1,893
1,1892
1,reliable
1,facts
4,spark
11,wave
8,outbreaks
5,coming
3,sooner
3,faster
3,raises
4,points
1,2ndwave
1,peak
3,point
1,cycle
1,urbanization
1,donut
5,effect
1,reoccur
8,cities
1,north
1,chaeyoung
2,vr
1,bangers
1,lesson
1,sexy
4,latin
1,chick
1,desperately
1,ths
1,law
1,kicking
1,liars
1,netherlands
1,brazen
1,lies
2,prime
2,boris
3,johnson
2,ministers
2,caused
3,causing
1,10000s
1,sackjohnson
4,nz
2,screw
1,killer
1,aotearoa
2,idiots
2,nzpol
1,peaceful
9,political
1,prisons
1,hold
1,charges
1,processing
6,fatality
2,held
4,responsible
1,houstonprotest
1,raising
4,concerns
2,breathing
1,cough
1,musclepain
1,coronavirusdisease
1,videos
3,ceo
4,don
2,furner
4,joins
2,wednesday
2,letstalkhuawei
2,vodcast
4,revealing
8,team
2,steering
2,raiders
2,nrl
2,rugbyleague
1,mural
1,unity
1,gent
3,48
1,meriden
1,street
1,digbeth
1,birmingham
2,typhoon
1,vongfong
1,struck
1,impacting
1,harassed
1,fun
2,dad
1,sc
1,bc
1,polite
4,fuck
1,contracting
1,63
2,quad
1,bypass
2,stroke
1,agra
1,tajcity
1,tourism
1,incurred
2,losses
1,jewel
1,crown
1,tajmahal
1,yamuna
1,dirtiest
5,clean
2,beauty
1,taj
1,keeps
3,increasing
2,approaches
2,desmoines
2,turned
3,violent
2,nights
3,killing
2,polk
4,9
8,russia
4,plead
4,terrorism
4,fakenewsmedia
4,supremists
5,blame
4,cherry
4,cake
4,peep
8,31
3,mexico
1,authorities
3,rose
6,doctors
1,crucial
1,focus
2,class
1,neighbourhoods
7,slide
7,fastest
7,discovery
8,pathogens
11,list
8,influenza
7,ridiculously
1,para
1,athletes
2,ipc
1,realising
2,value
3,thinking
1,triple
1,paralympic
1,gold
1,medallist
1,tokyo
5,staysafe
1,staystrong
2,bettered
2,25th
4,march
2,improved
5,facilities
2,massively
2,punjab
2,lauds
2,wheat
2,128
2,lakh
3,tonnes
6,amid
1,guy
1,speaking
1,loudly
3,imagine
1,lemmings
3,soon
4,defeat
1,prayers
1,papers
2,accounting
5,finance
1,expedited
8,issue
1,corporate
2,sustainability
1,ate
1,sept
1,cov2020
8,united
5,records
3,598
4,24
7,hours
2,johns
2,hopkins
3,university
3,afp
4,agency
3,johnshopkins
1,drug
6,vaccines
9,important
1,reflect
6,fact
1,corporations
3,viruses
1,investors
2,growing
1,grow
2,louisiana
5,communities
3,color
2,faith
2,planet
2,writes
2,ccl
8,staff
1,status
1,flattenthecurve
1,namaste
1,tanayuhyaad
1,sherrif
2,keeping
2,practicing
4,socialdistancing
2,facemasks
3,victoria
1,tools
3,tonight
9,restrictions
5,ease
4,symptoms
2,half
1,victorians
1,decided
11,tested
1,springst
3,awful
3,sides
3,armchair
3,epidemiologist
8,gatherings
3,facilitate
3,giant
3,pool
7,party
3,murder
5,difference
3,types
3,necessary
2,hurricane
4,season
1,corner
5,brief
2,forecast
2,considerations
1,teaching
1,tip
1,formal
1,setup
1,casual
1,unconcerned
1,onlineteaching
1,liveclassroom
1,livelecture
1,21stcenturyteaching
1,upgrading
2,teacher
1,googleclassroom
1,googleeduchat
2,tweets
2,tweet
1,didi
1,getwellsoon
1,guys
2,pray
4,coronawarriors
3,50
7,employees
3,18
1,banded
3,virtual
1,orchestra
4,raise
2,drastic
2,experience
2,nicola
1,valley
1,blogger
1,tom
1,reynold
1,takes
1,hair
1,cutting
1,experimentation
1,story
1,merrittmatters
1,merritt
1,selfisolation
1,hairsalon
1,milestone
1,10-thousand
9,workers
2,california
1,59
3,respect
1,absolutely
1,potency
1,italian
3,doctor
6,special
4,adviser
1,ecq
4,gcq
1,relation
5,precautions
1,575
4,passengers
6,took
1,planes
1,taxis
2,trains
1,buses
1,ns
1,rubyprincess
1,rubyrc
1,unsolicited
1,opinions
1,suggestions
1,spiteful
1,messages
3,lead
1,nagas
2,waking
1,morning
2,wreaked
2,overnight
1,conclusion
1,shocking
1,251
1,kingdom
1,suvarnabhumi
1,thenationthailand
1,irs
1,returning
1,offices
1,mail
1,backlog
1,tax
1,incredibly
1,harder
2,acts
4,kindness
1,empowering
1,flattened
1,curve
1,jersey
1,closer
1,announcement
3,youtube
1,fb
1,giveaway
1,psn
1,xbox
2,code
1,enter
1,winner
2,announced
1,giveaways
2,argentina
4,spend
2,880
2,prop
4,airline
2,aviation
6,speak
1,orlandocity
1,priorities
2,sweden
3,restart
1,transformation
1,maps
1,smoking
1,severe
3,diseases
1,speakout
5,dear
4,sir
3,schedule
3,evacuation
3,flight
3,singapore
3,pregnant
3,vandebharatmission
3,chennai
3,trichy
3,needrescueflightfromsingaporetotamilnadu
3,healthcareheroes
2,occupational
2,nurse
1,namhla
1,mfecane
1,port
1,elizabeth
1,salutes
1,colleagues
3,fighting
1,unraveling
1,jobless
1,claims
2,counting
1,sees
6,riots
1,erupting
1,hot
1,spots
1,reflecting
2,injustice
5,poverty
2,pain
1,inept
1,resigntrump
2,62
2,sri
2,lanka
1,1620
3,26
2,qatar
6,25
3,navy
4,personnel
2,kuwait
2,maldives
3,srilanka
3,lka
3,covid19sl
3,rise
1,17
5,foreign
1,covid19lk
1,ithoughtiwasinthetwilightzone
1,girlfriend
5,amazing
1,sloppy
1,deepthroat
1,blowjob
1,sucking
1,mouthful
1,cum
1,288
3,60
2,heard
1,hordes
1,hunger
1,exhaustion
2,regime
1,barbaric
1,dakota
1,pork
1,plant
1,644
2,thousands
1,meat
1,plants
1,bacon
1,tcot
1,vegan
1,grossly
1,undercounted
1,unreported
1,constitute
1,nm
4,aid
2,151
1,westvirginia
1,exceeded
3,cumulative
1,labour
1,unions
1,employers
1,ont
3,prepared
2,emergencies
1,submission
1,treasury
1,board
1,secretariat
3,ontario
1,onlab
1,onpoli
1,realised
2,easy
3,deal
1,confusing
1,illogical
1,mess
1,avoid
1,disastrous
2,consequences
1,informative
2,briefing
1,overview
1,consumer
2,prices
1,declines
1,consumerprices
1,5months
1,cpi
1,inflation
1,livingcosts
1,gso
1,ncov
2,bomb
2,judy
2,mikovits
2,phd
2,exposes
2,anthony
2,fauci
1,chinavirus
1,fraudfauci
1,lockeddown
4,broadcast
4,kimberly
4,chats
9,living
4,discussing
4,implemented
6,following
5,guests
4,zea
1,mini
1,rondesantis
1,banned
1,nursing
2,rebellions
2,autonomous
2,zones
3,feed
3,existing
2,mutual
4,organizing
4,building
2,linking
2,struggles
2,neighborhood
2,process
2,deserve
3,unicef
1,soap
3,water
1,cyberattacks
1,civilian
1,infrastructure
2,affairs
1,jamaicans
5,return
2,stressed
2,complete
1,submit
1,jamcovid
1,application
2,email
2,increased
1,antibiotic
1,secondary
1,bacterial
1,amplifies
3,opportunity
1,resistant
1,emerge
1,dawn
1,sievert
3,2015
5,given
3,taxpayer
3,dough
3,feds
4,ableg
3,abhealth
2,endure
1,lines
1,lrt-1
1,enforces
3,strict
1,stations
1,exacto
1,muscled
1,mistress
1,licking
3,vs
4,japan
1,performance
1,striking
1,inter
1,comparisons
1,graphs
1,117
1,respectfully
1,misdirected
1,uncovered
1,blindspot
1,1k
3,terrorist
1,grps
1,clamped
1,destabilization
2,civil
1,britain
1,ireland
3,happen
1,declared
1,arrested
2,criminals
9,prison
1,theriotsof2020
1,science
1,manager
1,natureincities
3,program
2,michael
1,vyse
4,recently
1,redesign
1,urban
2,green
1,spaces
1,publicspaces
1,urbanplanning
1,covid19au
1,ifmsa
1,david
1,nabarro
1,envoy
1,inspire
1,insights
1,moderated
1,vp
1,external
1,disabilitysupport
1,researching
1,disability
3,survey
1,nucleic
1,acid
2,local
1,authority
2,guard
1,housing
2,mayor
1,governor
3,trust
1,th
1,e
1,presidency
1,summarized
2,short
1,paragraphs
2,trumpresignnow
1,trumpadministration
1,election2020
1,biden2020landslide
8,leadership
1,topped
2,nearly
1,5-fold
1,discharged
2,287
1,mar
1,apr
1,174
1,68
1,congregants
1,shincheonji
1,remaining
4,explain
1,regard
1,shincheonjichurch
5,soros
8,army
4,burns
5,globalist
5,forces
4,derail
4,plunge
4,chaos
4,forever
4,mainly
4,leftist
4,crybaby
4,millennials
4,descending
4,qanon2018
4,qanon2020
3,anne
3,frank
3,sister
3,margot
6,typhus
3,bergen
3,belsen
3,allies
3,liberated
3,camp
3,1930s
6,nazis
3,2020s
1,originate
1,knew
2,ab
4,winter
1,warned
2,israel
1,joe
2,tried
2,1st
1,learned
1,bidendigitalcoalition
1,teamjoe
2,cuba
3,officials
1,certainly
1,nightmare
1,prerecorded
1,bot
1,uncle
1,woye
1,size
1,taunting
5,food
1,ehn
1,abj
3,idea
3,app
2,hire
2,tracers
4,train
4,neighbors
2,subversion
2,ya
3,ok
5,safely
1,july
1,advise
1,compelling
2,game
1,sewage
1,serve
2,advance
2,volleyball
1,businessworld
1,lending
1,qr
1,customers
1,personal
2,agree
3,improve
3,interesting
1,demonstrations
3,la
1,calmer
1,moved
1,beach
1,6pm
1,countywide
1,overreaction
1,dozen
3,breaking
1,windows
1,expect
2,surge
2,716
3,32
6,683
3,809
1,moretalkmoremusic
1,generationequality
2,effects
1,gains
1,disturbing
4,history
1,restraints
1,institutions
1,fall
1,reeling
1,perfect
1,toxic
1,storm
1,hon
2,wish
2,u
1,student
1,smooth
3,legal
1,landlord
1,fightagainstcorona
1,tva
1,attempted
1,arrange
2,resident
1,ciusss
1,apologize
1,beneficiary
2,question
1,relatives
1,body
1,sterilization
2,booth
1,trialed
2,hong
2,kong
2,airport
1,cleantech
1,coated
1,antimicrobial
1,bacteria
1,clothing
2,skin
1,result
1,trumppandemicfailure
1,trumphasnoplan
2,fabric
1,hatred
2,operating
1,applications
1,payment
2,easier
1,snap
1,recipients
1,purchase
1,groceries
2,massachusetts
11,statewide
1,mano
1,river
1,union
2,brings
1,subregion
1,guinea
1,530
1,ivory
1,coast
1,467
1,liberia
1,sierraleone
1,153
1,882
1,placental
1,pathology
1,includes
1,fetal
1,villi
1,chorangiosis
1,edema
4,planned
5,order
3,saved
3,mandate
3,martiallaw
3,wakeup
2,ep
2,massage
2,therapist
2,responders
3,missed
4,parts
3,replay
2,benny
2,vaughn
2,massageschool
2,massgeschools
2,massagetherapyschools
1,flights
1,calibrated
1,embrace
2,travelling
1,fly
1,aai
2,urges
1,strictly
1,adhere
1,indiaflyback
1,thrill
1,seekers
1,letting
1,loud
1,scream
1,rollercoaster
1,avoidscreaming
5,usarmy
2,shutter
2,curtail
2,exercises
6,soldiers
2,partners
2,iplc2020
5,heretoserve
2,readiness
1,datateam
1,looked
1,tackling
1,reducing
3,trace
1,substantially
3,isolate
3,treat
5,article
2,talking
2,passes
1,accountable
1,westernu
1,projects
3,receive
2,funding
1,investment
2,overall
1,35
1,slutty
1,teen
1,anal
3,sex
1,portraits
1,uisedu
1,diversity
1,inclusion
1,quarantined
1,springfield
2,remotely
2,platforms
1,campus
2,went
1,democratic
1,proved
1,stopping
1,demand
1,congress
1,dc
1,coronaviruspandemic
1,fakepandemic
1,votered
1,soft
1,stylish
1,facial
1,coverings
1,stylishmasks
1,ppe
1,usamade
1,similar
2,struggle
1,blacks
1,bame
1,image
1,sudanese
1,shri
1,odias
1,salute
2,unique
2,strength
2,odishahonorscovidwarriors
2,continent
3,figures
2,dashboard
2,photo
1,piazzale
1,della
1,transalpina
3,square
2,divided
2,italy
1,slovenia
1,gorizia
1,nova
1,gorica
1,respectively
3,taken
1,granted
1,privilege
1,borderless
3,remains
1,goal
1,duty
1,fiscal
1,recent
1,shift
1,recruiting
1,limit
3,armycovid19fight
5,loved
6,ones
1,majonzi
2,comfort
2,primary
2,concern
1,refreshed
2,service
1,standards
1,aspect
2,handling
1,sanitisation
1,disinfection
3,cleaning
3,opinion
7,churches
5,schools
1,freeyourmind
1,discriminate
4,society
1,deep
1,disparities
3,comes
1,stresses
1,outcomes
1,mdheq
2,julian
2,assange
2,multi
2,award
2,journalist
5,facing
6,yrs
2,crimes
2,arbitrary
2,detention
4,7
2,exercise
2,sun
2,smeared
2,tortured
2,solitary
1,school
1,colorado
1,barely
2,gets
1,wife
2,bills
1,costs
1,survive
1,doubling
1,improving
1,controlling
1,ted
1,herbosa
1,task
6,force
2,welcome
1,thousand
1,clubs
1,restaurants
1,proceeding
1,caution
2,strap
2,gon
2,na
2,hell
1,ride
2,auspol
1,impossible
1,rohingya
1,boats
1,rightsnow
1,richard
1,neal
1,domenic
1,sarno
1,pvta
1,36
1,cares
1,caresact
1,muniland
2,indiafightscorona
2,cisf
3,forefront
4,battle
1,wing
1,btpp
1,bongaigaon
2,kokrajhar
1,assam
1,sprayed
1,disinfectant
1,saw
1,uptick
3,results
1,bct
4,trainees
4,70
1,hospitalizations
1,required
1,adjust
1,techniques
1,killthevirus
3,tradocplus
2,physicians
3,fuel
3,billion
2,users
3,launching
2,combats
4,gives
2,recommendations
2,quitting
1,georgia
3,strong
1,assisting
3,provide
1,logistical
1,located
1,inthistogether
1,creating
1,memories
1,mylifeinpictures
1,words
1,nominated
1,nomination
5,organization
1,prescriptions
1,manifesto
1,sustainable
1,paramount
1,covid19foodfuture
2,throwbackpicture
2,clicked
2,dress
1,inspired
1,bhayana
1,et
4,al
10,available
2,investigation
1,224
1,abdominal
1,imaging
1,studies
1,2-week
1,tennessee
1,364
1,processed
1,maj
1,brito
1,provides
1,letter
1,armycovidfight
1,byjdpuri
2,bandeutkalajanani
1,recommend
1,satirical
2,analysis
1,position
1,theweekly
1,heaps
1,400
1,mentally
1,physically
2,basis
1,basiccombattraining
1,neck
1,gaiters
2,mitigation
3,measure
1,trainedandready
1,canadianpaintaskforce
1,specific
1,chronicpain
1,challenging
1,hcps
1,clients
1,prepped
1,redefining
1,membership
1,protected
1,entities
2,traditional
4,industry
1,bodies
1,owners
1,occupiers
1,obligation
1,conditioning
1,cooling
1,towers
1,properly
1,maintained
1,legionnairesdisease
4,leading
2,causes
1,2017
1,2018
3,dis
1,cancer
1,accid
1,chron
1,resp
1,alz
1,diabetes
1,pneumonia
1,attachment
1,ear
1,saver
1,clip
1,extender
1,respirator
1,pack
2,treating
2,yoshiki
1,donates
1,japanese
1,center
1,grammys
1,appreciation
1,ajk
1,opposition
1,enforced
3,reduced
1,unfortunately
4,trained
10,pass
10,s3599
10,hr6788
1,qc
5,pre
1,-243
1,rip
1,ytd
1,dth
1,5d
1,avg
1,rvc
1,mm
1,cdn
2,193
1,321
3,services
2,experienced
1,hcp
1,nurses
1,psychologists
1,physiotherapist
1,coaching
1,assessment
1,sickness
1,absecene
1,ppes
3,chief
1,arradondo
1,sacred
1,respects
6,w
1,pets
1,bipoc
1,folx
1,fucking
2,vulnerable
2,careful
1,relaxed
1,generally
1,jacovid19
2,summer
1,vacation
1,visiting
1,provinces
1,cbc
6,sichuan
6,inner
6,mongolia
6,guangdong
2,wash
1,handwashing
1,gangnam
1,style
1,s2pskincare
1,handsanitizer
1,handwash
1,handlotion
1,handsanitizerwithaloe
1,handwashgel
1,skincare
1,antibacterial
1,hygiene
3,conducted
1,640
1,assigned
1,osut
1,142
4,isolation
1,principal
2,arti
1,lalchandani
2,called
1,muslims
2,send
1,shame
1,holding
1,degree
1,playing
1,card
1,islamophobia_in_india
1,muslimslivesmatter
1,congrats
1,reach
1,10k
1,blow
1,justiceforuwa
1,wearetired
1,falz
1,datemyfamily
1,downgraded
3,likelihood
1,vote
1,covid19aus
2,69
3,totaling
4,additional
2,356
2,182
2,heightened
2,wake
1,chains
1,lit
1,adds
1,coronavirusnewyork
2,stats
1,clubquarantine
5,covid_19
6,ny
1,newyorkcity
1,picoftheday
1,photooftheday
1,videooftheday
1,dataanalytics
1,trending
1,treasurer
1,aussie
1,golfing
2,subscribe
1,usual
2,pres
2,buck
2,stops
2,problems
2,feckless
2,shambles
2,burn
1,sa
1,deploy
1,hydrogen
1,cells
1,aopnews
1,factfriday
1,southafrica
2,connected
1,facility
1,campbellton
2,northern
1,brunswick
1,mans
1,predicament
1,antifascist
2,minneapolis
2,challenges
1,tangerine
2,walk
2,counselling
1,offers
1,phone
1,sessions
1,youth
1,905
1,795
1,3530
1,putsouthafricansfirst
1,torontoprotest
1,uaddown
1,atlanta
1,daterush
1,georgesfloyd
1,keciduk
1,campingworld
1,black_lives_matter
1,nashvilleprotest
2,peaks
9,hr2895
9,s948
3,chancellor
3,merkel
4,initiative
3,uniteforourfuture
3,impeach
1,rep
1,riggleman
1,ignorance
1,reveals
1,brutal
3,plays
1,rouge
1,acquires
1,sufficient
1,streets
1,whitehouse
1,novemberiscoming
1,ideas
1,respond
1,weaker
1,fiscalmonitor
1,usnavy
1,standardized
1,operational
1,guidance
2,wet
2,markets
1,articulate
1,brexit
1,irrelevant
1,die
2,friend
1,cummings
5,harm
1,nodeal
1,sadly
4,seven
1,queenslanders
2,print
1,comorbidities
1,largely
1,wuhanvirus
1,smoker
1,turns
1,dies
2,transgenders
2,karnataka
2,thalapathyvijay
2,thalapathymonthbegins
2,ecosystem
2,developed
2,resource
2,reflection
2,alignment
5,millions
1,covidwarriors
1,selflessly
2,odisha
1,ethiopia
1,recite
1,warriors
1,huge
2,rural
1,pentester
1,academy
1,hiring
2,cyber
1,interns
3,paid
1,internship
1,blacktechtwitter
1,womenwhocode
1,infosec
1,pentesting
1,hiringnow
4,scotus
2,upheld
2,bart
2,kavanaugh
2,scolded
4,roberts
2,misleading
2,dissent
2,proof
2,unfit
2,impeached
3,lying
2,confirmation
2,credit
2,cards
2,mortgage
2,club
1,2700
1,participated
1,addiction
1,opioidusedisorder
3,distance
1,notalone
2,lt
2,col
2,dolores
2,toney
3,giving
2,dept
2,seeking
2,leverage
3,friday
2,citing
2,decision
3,federal
2,judges
2,grapple
2,doc
2,able
2,tea
2,fix
2,circuitbreaker
2,confinement
1,23rd
1,967
1,74
1,nhs
1,relaxing
1,215
1,self
1,okc
1,alabama
1,mississippi
1,virginia
1,bolsonaro
2,alcohol
1,wide
1,range
2,negative
1,impacts
1,individual
1,susceptibility
1,disaster
1,assess
1,activate
1,successfully
1,template
1,activity
1,disasterplan
1,occurred
1,constitutes
1,swedish
1,covid19sverige
1,psychiatrists
1,timeline
1,fucktrump
1,covidiot
2,partner
1,lgbtq
1,campaigning
1,beloved
1,mother
1,resist
1,resisters
1,core
1,latinosunidos
1,equality
1,mediarelease
1,seriousness
1,intimate
2,evident
1,australian
1,specialists
1,domesticviolence
1,woman
2,protesting
1,tv
1,squeezing
1,yougogirl
2,alert
2,r
3,happening
2,totally
1,biju
1,patnaik
1,appeal
1,maintaing
1,wearingmask
1,handhygiene
1,surveys
1,territory
1,rainforest
1,degradation
1,intensified
1,belief
1,agents
1,rennert
1,railroad
1,accidents
3,killed
1,72
1,1943
3,car
1,covidcleaning
1,carcleaning
1,sub
1,claiming
1,addressing
1,risky
3,pipeline
1,abpoli
1,yeg
1,quiet
1,cites
1,ruined
1,scared
1,trumpster
1,sell
1,careless
1,rochester
1,female
1,shop
3,owner
1,pleads
1,helplessly
1,broad
1,daylight
2,screening
1,handed
1,reasoning
1,gastrointestinal
1,meded
1,radres
1,tweetorial
2,mil
1,nj
1,ct
1,ma
3,artists
3,helps
3,pan
3,streamforhope
1,right_now
1,dankalia
1,eritrean
1,systematic
1,ethnic
1,cleansing
1,emposing
1,siege
1,allowing
1,supplies
1,eritrea
1,savedankalia
4,frontlineheroes
4,physicianshortage
3,healthcareworkforcereselienceact
3,helphealthheroes
2,boom
2,beginning
1,madness
1,gripped
1,psychosis
1,norway
1,admits
1,denmark
1,revelations
1,wavefunction
1,hopefully
1,collapsing
1,flattenthefear
1,signature
1,add
1,providers
1,pas
1,ers
1,icus
1,nationwide
1,pasneedfullpracticeauthority
1,pasarethesolution
1,illegal
1,wildlife
2,trade
1,increases
1,zoonotic
1,varied
2,prayer
2,instructions
1,lord
1,grace
1,prudence
1,obedience
1,decisive
1,explanatory
2,statement
1,imam
1,nasser
1,mohammad
1,yemeni
1,ramadan
1,1441
1,ah
2,05
1,ad
1,strains
1,newviruscomesstrikingstrong
1,bipartisan
3,bill
1,workforce
1,struggling
1,deliver
2,structural
2,inequities
1,greater
2,exposure
1,crushing
1,attention
1,drinking
1,acc
2,paris
1,reopens
1,scarred
1,notre
1,dame
1,cathedral
1,bilyonaryotourism
1,notredamecathedral
1,1-
1,2-
1,3-
1,4-
1,5-
1,cant
1,appalling
1,statistic
1,horrific
1,pollution
1,unleashed
1,frame
1,preserve
1,survivable
1,frailties
1,inadequately
1,discussed
1,wrt
1,agw
4,extreme
6,deadly
4,pledging
4,defeatdiseasetogether
1,eletrum
1,promo
1,gratis
1,frete
1,veterans
1,abandon
2,heroes
1,treated
2,nursinghomes
1,understood
1,360
1,testandtrace
1,shall
2,hungry
1,voice
1,voiceless
4,opioid
4,remained
4,lists
1,corrupt
2,gates
1,controlled
1,success
1,mandatory
1,bugging
1,separate
2,disproportionately
2,infect
1,arbitrarily
1,cruelty
1,drives
1,treatments
1,helicobio
1,saepa
1,licensees
1,8204
1,2004
1,easing
1,premature
1,inequalities
1,dangerously
1,existent
1,generate
1,droplets
1,linger
2,york
1,annual
1,donation
1,todd
1,lovemissionbc
1,missionbc
1,ilovemission
1,whatsonmission
1,fathersday
1,concludes
1,hydroxycloroquine
1,protects
3,finally
1,suggest
1,slides
1,immigranthealthcareheroes
1,christians
1,believers
3,east
4,bambam
2,charity
2,kst
2,workpointofficial
2,got7
2,igot7
2,unicef_thailand
2,lovedeliveryfest
1,invited
1,11am
1,fascinating
2,discussion
1,addressed
1,heading
1,covidsafe
2,installed
1,coronavirusaustralia
1,premier
1,providing
1,midday
1,9news
1,mayo
1,clinic
1,ages
1,507
1,538
1,4850
1,upcoming
2,edition
3,asia
1,forum
1,quarterly
1,approaching
1,combating
1,newsletter
1,cordillera
1,admitted
2,recorded
1,apayao
1,kalinga
1,kayanatin
1,wehealasone
1,hoax
1,lady
1,reopennm
1,unchecked
2,maintain
1,stranglehold
1,issuing
2,fines
1,threatening
1,comply
1,bullshit
1,orders
1,stopthespreadvotered
1,votedemsout
2,looters
2,break
1,trappings
1,90th
1,newblog
1,wfh
1,pandemicchronicles
1,goodbye
1,helloooo
1,smiles
1,happiness
1,poseidonglobaltrading
1,anewmonth
1,maytojune
1,wearmask
1,stayathomeandstaysafe
1,mobilizing
1,engaging
1,environment
1,jerry
1,connor
1,bts
1,shares
1,takeaways
2,strategymadepersonal
1,kaduna
2,preventing
2,movement
1,minimize
1,cripple
1,activities
1,vehicle
1,engine
1,severing
1,ties
1,initial
1,effusive
1,praise
1,admiration
1,imf
1,progressively
1,widen
1,gap
1,rich
1,measured
1,net
1,gini
1,coefficient
1,inequality
1,imfblog
1,spoke
1,crowded
1,bbc
1,wary
1,sturgeon
1,scottish
1,autumn
1,august
1,blended
1,continued
1,learning
1,rona
1,msm
1,concerned
1,yallstaysafe
1,mild
1,moderate
1,outpatients
1,tylenol
1,azm
1,pt
1,iybaoqhh9e
1,73rd
1,entry
2,poetry
1,diary
1,tiananmen
1,masked
1,goose
1,stepping
1,summerlike
1,heat
1,haiku
1,micropoetry
1,poem
1,covid19china
1,pandemicpoems
1,militarism
1,telling
1,lane
1,wrong
1,day-
1,directly
1,bad
1,coronavius
2,uv
2,light
1,desanitize
1,version
1,aboard
1,kind
1,harmful
1,coronawatch
1,casualties
1,cross
1,5000
1,resceu
1,proposes
1,allocate
1,strengthen
1,eu
1,eubudget
1,mff
1,nextgenerationeu
1,known
1,sharply
1,seasonal
1,appear
1,transmit
1,similarly
1,alonetogether
1,thankyouforyourservice
1,thankyou
1,huismanauction
1,thrivinginvolatiletimes
1,supply
1,chain
1,orchestrate
1,impactthatmatters
2,super
1,kerry
1,parsons
1,donor
1,centre
1,edmonton
1,ourfrontline
1,healthcareheros
1,canadaslifeline
1,updated
2,01
1,gmt
1,fueled
1,shock
2,scale
1,unseen
1,wwii
1,conversation
1,path
1,wbgep2020
1,listened
1,oral
1,arguments
2,minute
1,introductions
2,clear
1,presented
1,helpful
1,justices
2,notices
2,aiims
2,lok
2,nayak
2,rml
2,safdarjung
2,reasons
2,delay
1,havana
1,drive
1,sites
1,direct
1,traffic
1,sign
1,locations
1,volunteer
1,disastervolunteerism
1,mary
1,turn
1,merciful
1,eyes
1,bread4today
1,catholictwitter
1,biometrics
1,oura
1,ring
1,predict
1,techcrunch
1,developments
1,employer
1,implications
1,12pm
3,edt
1,ensuring
2,productivity
1,remoteworking
1,hr
1,nicole
1,rob
1,shed
1,precisely
2,line
1,extremely
2,worried
1,management
1,stratergy
1,gotn
1,stopcoronatn
1,tn_together_againstcorona
1,tnhealth
1,checking
1,benefits
1,signing
1,smallbiz
1,smallbizinfo
1,smallbiztips
1,smallbusinessinfo
1,smallbizowner
1,smallbusinessowner
1,checkingaccount
1,banking
1,sensor
1,nssn
1,nswsensing
3,tech
1,bushfires
1,sensing
2,events
1,exit
2,coordinated
1,inauthentic
1,behavior
1,bioweapon
2,theory
1,difficulties
2,affect
1,spheres
1,unjust
1,situations
2,stress
1,significantly
1,chronic
1,insomnia
1,sleep
1,menthalhealth
1,unthinkable
1,disabilities
1,pressing
1,uncertainty
1,doubt
1,experiencing
1,desperation
1,cybersecurity
1,darkweb
1,hack
1,philadelphians
1,philadelphia
1,3198
1,reset
1,closes
1,organisation
1,reset2020
1,strongertogether
1,lebanon
1,1220
1,27
1,712
1,481
1,83574
1,pop
1,12240
1,quality
2,products
3,best
1,urprinters
1,antifadomesticterrorists
1,apart
1,stupidliberals
1,naya
1,pakhtunkhwa
1,imposed
1,sector
1,deteriorates
1,casualty
1,dhq
1,bannu
1,completed
1,mortality
1,relevant
1,discord
1,seeing
1,nah
1,russian
1,selfish
1,innocent
1,catch
1,fundamental
1,examines
1,fraught
1,honored
1,286
2,sci
1,falls
1,sat
1,contributions
1,awarded
1,badges
1,139
2,49
1,quadcountiesnv
1,macarthur
1,fellow
1,gabriel
1,victora
1,potential
1,macfellow
1,lift
1,joytrain
1,joy
1,mindfulness
1,quote
1,goldenhearts
1,iam
1,iamchoosinglove
1,iqrtg
1,familytrain
1,chooselove
1,sundaymorning
1,sundaymotivation
1,sundaythoughts
1,supersoulsunday
1,disinfect
1,asthma
1,page
1,allergies
1,niveen
1,gamea
1,securing
1,monthly
1,businesstoday
1,egypt
1,resumption
1,selection
1,covididiots
1,masks4all
1,clothmask
1,134
1,351
1,189
1,representatives
1,sarangerel
1,davaajantsan
1,jeffrey
1,bostic
1,roshan
1,pokharel
1,mohamed
1,shaaban
1,joining
1,weekly
1,missions
1,manhattanhenge
1,sunsetmagic
1,emptystreets
1,emptynyc
1,nycshutdown
1,biopharmaceutical
1,pharma
1,biotech
1,nightingale
1,finished
1,missouri
1,evening
1,pushed
1,metrics
1,7-day
1,upward
1,blazing
1,trail
1,deaf
2,hearing
1,rest
1,noticing
1,mentioned
3,residents
2,conditions
1,exacerbated
1,ready
1,mainstay
1,western
1,lucky
1,availing
1,mrt
1,slots
1,padilla
1,ukdrill
1,ukhiphop
1,scol
1,fckracism
2,hero
1,ordinary
1,victims
1,predatory
2,pictures
2,boston
2,outrage
2,texas
2,red
2,regionally
1,renewed
1,forgot
1,lots
1,admissions
1,sores
1,juniordoctors
1,tough
1,ournhs
1,bed
2,gathering
2,overwhelmingly
1,effecting
1,exempt
1,supreme
1,johnroberts
1,devastating
1,headlines
1,negativity
1,askmarcum
1,linked
1,opening
1,israeli
1,setting
1,episodic
1,patchy
1,released
1,regards
1,demonstration
1,vancouver
1,urging
1,demonstrators
2,mind
1,plane
1,carrying
1,landed
1,venezuela
1,nutritional
1,empowers
1,site
1,protecttheh
1,bettertogether
1,hounews
1,burned
1,stakeholders
1,forest
1,dontation
1,yawanawas
1,tot
1,ens
1,centrarem
1,en
1,temes
1,ambientals
1,persistence
1,rh
1,indicate
1,seasonally
1,307
1,crosses
1,thecable
1,websites
1,newspapers
1,owned
1,sinead
1,boucher
1,ownership
1,bodacious
1,nzmedia
1,random
1,maga2020
1,americafirst
1,trump2020
1,kag2020
1,draintheswamp
1,americastrong
1,fakenews
1,peacefulprotests
1,deplorable
1,sacked
1,distribution
1,items
1,essentials
1,badly
1,worli
1,-mahatma
1,phule
1,dairy
1,sail
1,divyaj
1,anti
3,place
1,uoftengineering
1,asian
1,racialized
2,fascist
1,freedomofspeech
1,ran
1,billgates
1,stoolies
1,dictators
1,democracy
1,reshape
1,middle_east
1,central
1,jihad
1,azour
1,rola
1,dashti
1,composer
1,allahsaveusfromcoronavirus
1,cave
1,craving
1,finish
1,notobacco
1,worldnotobaccoday2020
1,miami
1,miamidade
1,miamibeach
1,littlehavana
1,downtown
1,miamilife
1,lungs
1,healthylifestyle
1,miguelsoliman
1,resolve
1,achieving
1,delays
1,51
1,crowding
1,limits
1,bus
1,riders
1,bluelivesmatter
1,alllivesmatter
1,nomasks
1,republican
1,democrat
1,libertarian
1,nevertrump
1,carole
1,baskin
1,normally
1,36-billion
1,retraction
1,potter
1,expecting
1,lose
1,cent
1,involves
1,trauma
1,compounded
1,occupancy
1,of1500
1,flats
1,opened
1,obvious
1,received
1,exploded
1,tolerance
1,injustices
1,leader
1,listentothexperts
1,preventative
1,immunisation
1,contraception
1,prof
1,helen
1,rees
1,wits
1,reproductive
1,hiv
1,institute
1,widely
1,coronacamps
1,camps
1,communal
1,trailers
1,barbed
1,wire
1,fence
1,neveragainisnow
1,onevoice1
1,drill
1,inventory
1,advantage
1,homebuying
1,homeselling
1,covidrealestatemarket
1,lorynnecadmanrealestate
1,wecanhelp
1,movingup
1,downsizing
1,gtarealestate
1,locally
1,faceshieldsnotmasks
1,plus
1,faceshields
1,obstruct
1,hello
1,hemisphere
1,suffered
1,weather
1,severity
1,answer
1,coronacast
1,cagey
2,decide
1,beginagain
1,belgian
1,prince
1,attending
1,soooooooooooooo
1,straight
1,bout
1,poof
1,magic
1,242
1,regrettably
1,condolences
1,frequent
1,surfaces
1,tool
1,interest
1,changed
1,burning
1,buildings
1,darn
1,trumpweneedyoumorethanever
1,democratsaredestroyingamerica
1,dollars
1,exist
1,equitable
1,delivered
1,elin
1,verified
1,voter
1,campbell
1,ca18
1,capolitics
1,capol
1,write
1,pick
1,pace
1,yup
1,educational
1,insirational
1,event
1,eventbrite
1,projectthrive
1,thriveinthecommunity
1,findjoy
2,trafficking
2,traffickers
2,shelter
2,endhumantrafficking
1,minimizes
1,fraudsters
1,stealing
1,australians
1,superannuation
1,scheme
1,interfer
1,liberal
1,mayers
1,elected
1,watching
1,liga
2,jun
3,matchday
3,games
1,barcelona
1,tops
1,table
1,rival
1,madrid
1,laliga
1,football
1,restricting
1,biology
1,threatens
1,fairness
1,manitoba
1,-one
1,-295
1,-10
1,278
1,-no
1,-total
1,declaring
